"","NSWID","FID","species","longitude","latitude","sample_lib_NSW","SeedlingNumb","Pop","ID","IID","height","rust_infection","LeavesShootInfect","LeavesShootRustSchore1.5","MinorBranchDB","MajorBranchDB","CrownDensity","Notes"
"1","NSW1071070","NSW_1071070","Melaleuca quinquenervia",152.9682061,-31.19779728,"NSW_1071070_S82",12,"p93a6ddc0","NSW_1071070_12",12,12,"0A","1-5",NA,"no","no",55,""
"2","NSW1071075","NSW_1071075","Melaleuca quinquenervia",153.5706189,-28.60642035,"NSW_1071075_S126",12,"p328a8440","NSW_1071075_12",24,7,"0A","50-90",NA,"yes","no",35,""
"3","NSW1071080","NSW_1071080","Melaleuca quinquenervia",153.5706227,-28.60644177,"NSW_1071080_S20",12,"p328a8440","NSW_1071080_12",36,13,"0A","10-50",NA,"no","no",75,""
"4","NSW1071090","NSW_1071090","Melaleuca quinquenervia",153.5464416,-28.47684672,"NSW_1071090_S75",12,"p666c7140","NSW_1071090_12",60,12,"0A","10-50",NA,"no","no",60,""
"5","NSW1071110","NSW_1071110","Melaleuca quinquenervia",152.9677057,-31.1994082,"NSW_1071110_S118",12,"p93a6ddc0","NSW_1071110_12",72,9,"0A","10-50",NA,"no","no",50,""
"6","NSW1071113","NSW_1071113","Melaleuca quinquenervia",152.9663093,-31.25563895,"NSW_1071113_S137",12,"p93a6ddc0","NSW_1071113_12",84,17,"0A","10-50",NA,"no","no",44,""
"7","NSW1071115","NSW_1071115","Melaleuca quinquenervia",152.9681876,-31.1977717,"NSW_1071115_S134",12,"p93a6ddc0","NSW_1071115_12",96,11,"0A","1-5",NA,"yes","no",50,""
"8","NSW1071118","NSW_1071118","Melaleuca quinquenervia",152.9661151,-31.25555562,"NSW_1071118_S136",12,"p93a6ddc0","NSW_1071118_12",108,12,"0A","10-50",NA,"no","no",55,""
"9","NSW1071123","NSW_1071123","Melaleuca quinquenervia",153.5734019,-28.60559014,"NSW_1071123_S127",12,"p328a8440","NSW_1071123_12",120,10,"0A","50-90",NA,"no","no",55,""
"10","NSW1071128","NSW_1071128","Melaleuca quinquenervia",153.5453594,-28.47762564,"NSW_1071128_S74",12,"p666c7140","NSW_1071128_12",132,17,"0",NA,NA,"yes","no",40,"fallen branch; height of nearest tree measured"
"11","NSW1071133","NSW_1071133","Melaleuca quinquenervia",153.5453788,-28.47766614,"NSW_1071133_S78",12,"p666c7140","NSW_1071133_12",144,13,"0A","10-50",NA,"yes","no",35,"fallen branch; height of nearest tree measured"
"12","NSW1071138","NSW_1071138","Melaleuca quinquenervia",153.1635112,-30.18978066,"NSW_1071138_S86",12,"pb659e150","NSW_1071138_12",156,10,"0A","90+",NA,"yes","no",55,""
"13","NSW1071143","NSW_1071143","Melaleuca quinquenervia",153.5739313,-28.6042916,NA,NA,"328a8440-3f34-11eb-a51f-b73bba8b9f7f",NA,NA,6,"0A","90+",NA,"no","no",45,""
"14","NSW1071143","NSW_1071143","Melaleuca quinquenervia",153.6220029,-28.64923983,"NSW_1071143_S18",12,"p1bff81d0","NSW_1071143_12",180,NA,NA,NA,NA,NA,NA,NA,NA
"15","NSW1071148","NSW_1071148","Melaleuca quinquenervia",153.1615244,-30.18909682,"NSW_1071148_S122",12,"pb659e150","NSW_1071148_12",192,11,"0A","10-50",NA,"yes","no",50,""
"16","NSW1074318","NSW_1074318","Melaleuca quinquenervia",153.2605053,-29.85196215,"NSW_1074318_S85",12,"p8a9b6b20","NSW_1074318_12",204,10,"0A","90+",NA,"no","no",45,""
"17","NSW1074324","NSW_1074324","Melaleuca quinquenervia",151.5521833,-33.2845166,"NSW_1074324_S57",12,"p0c317820","NSW_1074324_12",228,NA,NA,NA,NA,NA,NA,NA,NA
"18","NSW1074324","NSW_1074324","Melaleuca quinquenervia",151.5553762,-33.2802966,NA,NA,"0c317820-1195-11eb-fb0d-4fec86b22e66",NA,NA,16,"0A","1-5",NA,"yes","no",55,""
"19","NSW1074329","NSW_1074329","Melaleuca quinquenervia",152.9661873,-31.25654649,"NSW_1074329_S83",12,"p93a6ddc0","NSW_1074329_12",252,11,"0A","50-90",NA,"yes","no",50,""
"20","NSW1074334","NSW_1074334","Melaleuca quinquenervia",152.966154,-31.25437969,"NSW_1074334_S138",12,"p93a6ddc0","NSW_1074334_12",264,17,"0A","5-10",NA,"no","no",40,""
"21","NSW1074339","NSW_1074339","Melaleuca quinquenervia",152.9661785,-31.25441977,"NSW_1074339_S135",12,"p93a6ddc0","NSW_1074339_12",276,11,"0A","1-5",NA,"no","no",50,""
"22","NSW1074398","NSW_1074398","Melaleuca quinquenervia",153.1868368,-30.17570688,"NSW_1074398_S22",12,"pb659e150","NSW_1074398_12",288,12,"0A","90+",NA,"yes","no",45,""
"23","NSW1074423","NSW_1074423","Melaleuca quinquenervia",151.5481722,-33.2049692,"NSW_1074423_1_S169",12,"pd135bc30","NSW_1074423_12",300,4,"0",NA,NA,"no","no",35,""
"24","NSW1074423","NSW_1074423","Melaleuca quinquenervia",151.5481722,-33.2049692,"NSW_1074423_S169",12,"pd135bc30","NSW_1074423_12",300,4,"0",NA,NA,"no","no",35,""
"25","NSW1074428","NSW_1074428","Melaleuca quinquenervia",151.5481722,-33.2049692,"NSW_1074428_S162",12,"pd135bc30","NSW_1074428_12",324,NA,NA,NA,NA,NA,NA,NA,NA
"26","NSW1074428","NSW_1074428","Melaleuca quinquenervia",151.5481819,-33.20493702,NA,NA,"d135bc30-11b3-11eb-fb0d-4fec86b22e66",NA,NA,14,"0A","5-10",NA,"no","no",60,""
"27","NSW1074429","NSW_1074429","Melaleuca quinquenervia",151.5485014,-33.20594131,"NSW_1074429_S158",12,"pd135bc30","NSW_1074429_12",336,10,"0A","10-50",NA,"no","no",40,""
"28","NSW1074433","NSW_1074433","Melaleuca quinquenervia",151.5515136,-33.28540365,"NSW_1074433_S155",12,"p0c317820","NSW_1074433_12",348,21,"0A","1-5",NA,"no","no",70,""
"29","NSW1074453","NSW_1074453","Melaleuca quinquenervia",151.5552973,-33.2792015,"NSW_1074453_S52",12,"p0c317820","NSW_1074453_12",360,14,"0A","90+",NA,"yes","no",55,""
"30","NSW1074458","NSW_1074458","Melaleuca quinquenervia",151.5499654,-33.2087521,"NSW_1074458_S32",12,"pd135bc30","NSW_1074458_12",372,13,"0A","1-5",NA,"yes","no",30,""
"31","NSW1075704","NSW_1075704",NA,151.7839244,-32.7624922,"NSW_1075704_S181",NA,"cd809670-90dd-11ea-c60a-73655d76e076",NA,NA,NA,NA,NA,NA,NA,NA,NA,NA
"32","NSW1075704","NSW_1075704",NA,151.7839244,-32.7624922,"NSW_1075704_1_S181",NA,"cd809670-90dd-11ea-c60a-73655d76e076",NA,NA,NA,NA,NA,NA,NA,NA,NA,NA
"33","NSW1075705","NSW_1075705",NA,151.7834637,-32.7619675,"NSW_1075705_S177",NA,"cd809670-90dd-11ea-c60a-73655d76e076",NA,NA,NA,NA,NA,NA,NA,NA,NA,NA
"34","NSW1075705","NSW_1075705",NA,151.7834637,-32.7619675,"NSW_1075705_1_S177",NA,"cd809670-90dd-11ea-c60a-73655d76e076",NA,NA,NA,NA,NA,NA,NA,NA,NA,NA
"35","NSW1075706","NSW_1075706",NA,151.7841001,-32.7629435,"NSW_1075706_S178",NA,"cd809670-90dd-11ea-c60a-73655d76e076",NA,NA,NA,NA,NA,NA,NA,NA,NA,NA
"36","NSW1075706","NSW_1075706",NA,151.7841001,-32.7629435,"NSW_1075706_1_S178",NA,"cd809670-90dd-11ea-c60a-73655d76e076",NA,NA,NA,NA,NA,NA,NA,NA,NA,NA
"37","NSW1075707","NSW_1075707",NA,151.7834591,-32.7619695,"NSW_1075707_S182",NA,"cd809670-90dd-11ea-c60a-73655d76e076",NA,NA,NA,NA,NA,NA,NA,NA,NA,NA
"38","NSW1075707","NSW_1075707",NA,151.7834591,-32.7619695,"NSW_1075707_1_S182",NA,"cd809670-90dd-11ea-c60a-73655d76e076",NA,NA,NA,NA,NA,NA,NA,NA,NA,NA
"39","NSW1075708","NSW_1075708",NA,151.7842473,-32.7626059,"NSW_1075708_S184",NA,"cd809670-90dd-11ea-c60a-73655d76e076",NA,NA,NA,NA,NA,NA,NA,NA,NA,NA
"40","NSW1075708","NSW_1075708",NA,151.7842473,-32.7626059,"NSW_1075708_1_S184",NA,"cd809670-90dd-11ea-c60a-73655d76e076",NA,NA,NA,NA,NA,NA,NA,NA,NA,NA
"41","NSW1075709","NSW_1075709",NA,151.7871565,-32.7677709,"NSW_1075709_S176",NA,"cd809670-90dd-11ea-c60a-73655d76e076",NA,NA,NA,NA,NA,NA,NA,NA,NA,NA
"42","NSW1075709","NSW_1075709",NA,151.7871565,-32.7677709,"NSW_1075709_1_S176",NA,"cd809670-90dd-11ea-c60a-73655d76e076",NA,NA,NA,NA,NA,NA,NA,NA,NA,NA
"43","NSW1075710","NSW_1075710",NA,151.7871565,-32.7677709,"NSW_1075710_1_S183",NA,"cd809670-90dd-11ea-c60a-73655d76e076",NA,NA,NA,NA,NA,NA,NA,NA,NA,NA
"44","NSW1075710","NSW_1075710",NA,151.7871565,-32.7677709,"NSW_1075710_S183",NA,"cd809670-90dd-11ea-c60a-73655d76e076",NA,NA,NA,NA,NA,NA,NA,NA,NA,NA
"45","NSW1075711","NSW_1075711",NA,151.7873916,-32.7676678,"NSW_1075711_S180",NA,"cd809670-90dd-11ea-c60a-73655d76e076",NA,NA,NA,NA,NA,NA,NA,NA,NA,NA
"46","NSW1075711","NSW_1075711",NA,151.7873916,-32.7676678,"NSW_1075711_1_S180",NA,"cd809670-90dd-11ea-c60a-73655d76e076",NA,NA,NA,NA,NA,NA,NA,NA,NA,NA
"47","NSW1075712","NSW_1075712",NA,151.7874748,-32.7677112,"NSW_1075712_S179",NA,"cd809670-90dd-11ea-c60a-73655d76e076",NA,NA,NA,NA,NA,NA,NA,NA,NA,NA
"48","NSW1075712","NSW_1075712",NA,151.7874748,-32.7677112,"NSW_1075712_1_S179",NA,"cd809670-90dd-11ea-c60a-73655d76e076",NA,NA,NA,NA,NA,NA,NA,NA,NA,NA
"49","NSW1075713","NSW_1075713",NA,151.7869508,-32.7645357,"NSW_1075713_S175",NA,"cd809670-90dd-11ea-c60a-73655d76e076",NA,NA,NA,NA,NA,NA,NA,NA,NA,NA
"50","NSW1075713","NSW_1075713",NA,151.7869508,-32.7645357,"NSW_1075713_1_S175",NA,"cd809670-90dd-11ea-c60a-73655d76e076",NA,NA,NA,NA,NA,NA,NA,NA,NA,NA
"51","NSW1075718","NSW_1075718",NA,151.422143,-33.4928454,"NSW_1075718_S190",NA,"df383120-90ba-11ea-c60a-73655d76e076",NA,NA,NA,NA,NA,NA,NA,NA,NA,NA
"52","NSW1075718","NSW_1075718",NA,151.422143,-33.4928454,"NSW_1075718_1_S190",NA,"df383120-90ba-11ea-c60a-73655d76e076",NA,NA,NA,NA,NA,NA,NA,NA,NA,NA
"53","NSW1075719","NSW_1075719",NA,151.4190434,-33.4928905,"NSW_1075719_S189",NA,"df383120-90ba-11ea-c60a-73655d76e076",NA,NA,NA,NA,NA,NA,NA,NA,NA,NA
"54","NSW1075719","NSW_1075719",NA,151.4190434,-33.4928905,"NSW_1075719_1_S189",NA,"df383120-90ba-11ea-c60a-73655d76e076",NA,NA,NA,NA,NA,NA,NA,NA,NA,NA
"55","NSW1075720","NSW_1075720",NA,151.4189252,-33.4900754,"NSW_1075720_S188",NA,"df383120-90ba-11ea-c60a-73655d76e076",NA,NA,NA,NA,NA,NA,NA,NA,NA,NA
"56","NSW1075720","NSW_1075720",NA,151.4189252,-33.4900754,"NSW_1075720_1_S188",NA,"df383120-90ba-11ea-c60a-73655d76e076",NA,NA,NA,NA,NA,NA,NA,NA,NA,NA
"57","NSW1075721","NSW_1075721",NA,151.4165608,-33.4917287,"NSW_1075721_1_S185",NA,"df383120-90ba-11ea-c60a-73655d76e076",NA,NA,NA,NA,NA,NA,NA,NA,NA,NA
"58","NSW1075721","NSW_1075721",NA,151.4165608,-33.4917287,"NSW_1075721_S185",NA,"df383120-90ba-11ea-c60a-73655d76e076",NA,NA,NA,NA,NA,NA,NA,NA,NA,NA
"59","NSW1075722","NSW_1075722",NA,151.4189252,-33.4881471,"NSW_1075722_1_S187",NA,"df383120-90ba-11ea-c60a-73655d76e076",NA,NA,NA,NA,NA,NA,NA,NA,NA,NA
"60","NSW1075722","NSW_1075722",NA,151.4189252,-33.4881471,"NSW_1075722_S187",NA,"df383120-90ba-11ea-c60a-73655d76e076",NA,NA,NA,NA,NA,NA,NA,NA,NA,NA
"61","NSW1075723","NSW_1075723",NA,151.4171656,-33.4925003,"NSW_1075723_S186",NA,"df383120-90ba-11ea-c60a-73655d76e076",NA,NA,NA,NA,NA,NA,NA,NA,NA,NA
"62","NSW1075723","NSW_1075723",NA,151.4171656,-33.4925003,"NSW_1075723_1_S186",NA,"df383120-90ba-11ea-c60a-73655d76e076",NA,NA,NA,NA,NA,NA,NA,NA,NA,NA
"63","NSW1078636","NSW_1078636","Melaleuca quinquenervia",153.5417933,-28.4782849,"NSW_1078636_S76",12,"p666c7140","NSW_1078636_12",384,9,"0A","90+",NA,"yes","no",55,"fallen branch; height of nearest tree measured"
"64","NSW1078637","NSW_1078637","Melaleuca quinquenervia",153.5739177,-28.60431562,"NSW_1078637_S19",12,"p328a8440","NSW_1078637_12",396,9,"0A","10-50",NA,"no","no",65,""
"65","NSW1078640","NSW_1078640","Melaleuca quinquenervia",153.5666941,-28.60778531,"NSW_1078640_S131",12,"p328a8440","NSW_1078640_12",408,7,"0A","1-5",NA,"yes","no",60,""
"66","NSW1078641","NSW_1078641","Melaleuca quinquenervia",153.5740332,-28.60516753,"NSW_1078641_S87",12,"p328a8440","NSW_1078641_12",432,9,"0A","1-5",NA,"no","no",75,""
"67","NSW1078642","NSW_1078642","Melaleuca quinquenervia",153.5637864,-28.6080735,"NSW_1078642_S21",12,"p328a8440","NSW_1078642_12",444,13,"0A","50-90",NA,"no","no",55,""
"68","NSW1078645","NSW_1078645","Melaleuca quinquenervia",153.5734272,-28.60557577,"NSW_1078645_S125",12,"p328a8440","NSW_1078645_12",456,8,"0A","50-90",NA,"no","no",50,""
"69","NSW1078646","NSW_1078646","Melaleuca quinquenervia",153.569276,-28.60695352,"NSW_1078646_S132",12,"p328a8440","NSW_1078646_12",468,10,"0A","10-50",NA,"no","no",70,""
"70","NSW1078647","NSW_1078647","Melaleuca quinquenervia",153.6220029,-28.64923983,"NSW_1078647_S17",12,"p1bff81d0","NSW_1078647_12",480,5,"0",NA,NA,"no","no",60,""
"71","NSW1078651","NSW_1078651","Melaleuca quinquenervia",153.6235341,-28.6482238,"NSW_1078651_S73",12,"p1bff81d0","NSW_1078651_12",492,5,"0A","1-5",NA,"no","no",50,""
"72","NSW1078652","NSW_1078652","Melaleuca quinquenervia",153.6235516,-28.64861633,"NSW_1078652_S130",12,"p1bff81d0","NSW_1078652_12",504,10,"0A","5-10",NA,"no","yes",55,""
"73","NSW1078653","NSW_1078653","Melaleuca quinquenervia",153.5446269,-28.47786231,"NSW_1078653_S77",12,"p666c7140","NSW_1078653_12",516,14,"0A","10-50",NA,"yes","no",60,"fallen branch; height of nearest tree measured"
"74","NSW1078654","NSW_1078654","Melaleuca quinquenervia",153.6274689,-28.64620153,"NSW_1078654_S66",12,"p1bff81d0","NSW_1078654_12",528,8,"0",NA,NA,"yes","no",50,""
"75","NSW1078656","NSW_1078656","Melaleuca quinquenervia",153.6242193,-28.64852792,"NSW_1078656_S128",12,"p1bff81d0","NSW_1078656_12",540,7,"0A","10-50",NA,"no","no",50,""
"76","NSW1078657","NSW_1078657","Melaleuca quinquenervia",153.6250671,-28.64858659,"NSW_1078657_S67",12,"p1bff81d0","NSW_1078657_12",552,4,"0A","10-50",NA,"no","no",30,""
"77","NSW1078658","NSW_1078658","Melaleuca quinquenervia",153.6242216,-28.64850763,"NSW_1078658_S68",12,"p1bff81d0","NSW_1078658_12",564,6,"0A","1-5",NA,"yes","no",45,""
"78","NSW1078660","NSW_1078660","Melaleuca quinquenervia",153.6250711,-28.64858147,"NSW_1078660_S24",12,"p1bff81d0","NSW_1078660_12",576,7,"0A","50-90",NA,"no","no",80,""
"79","NSW1078662","NSW_1078662","Melaleuca quinquenervia",153.2605053,-29.85196215,"NSW_1078662_S16",12,"p8a9b6b20","NSW_1078662_12",600,NA,NA,NA,NA,NA,NA,NA,NA
"80","NSW1078662","NSW_1078662","Melaleuca quinquenervia",153.6259881,-28.64885647,NA,NA,"1bff81d0-3f52-11eb-a51f-b73bba8b9f7f",NA,NA,6,"0A","10-50",NA,"yes","no",60,""
"81","NSW1078713","NSW_1078713","Melaleuca quinquenervia",153.6250369,-28.64745043,"NSW_1078713_S129",12,"p1bff81d0","NSW_1078713_12",612,3.5,"0",NA,NA,"no","no",70,""
"82","NSW1079653","NSW_1079653","Melaleuca quinquenervia",151.5474484,-33.20286067,"NSW_1079653_1_S168",12,"pd135bc30","NSW_1079653_12",624,17,"0A","10-50",NA,"no","no",50,""
"83","NSW1079653","NSW_1079653","Melaleuca quinquenervia",151.5474484,-33.20286067,"NSW_1079653_S168",12,"pd135bc30","NSW_1079653_12",624,17,"0A","10-50",NA,"no","no",50,""
"84","NSW1079654","NSW_1079654","Melaleuca quinquenervia",151.5474202,-33.20289403,"NSW_1079654_S25",12,"pd135bc30","NSW_1079654_12",636,8,"0A","1-5",NA,"no","no",45,""
"85","NSW1079658","NSW_1079658","Melaleuca quinquenervia",152.1210819,-32.75007599,"NSW_1079658_1_S171",12,"p9c3c9590","NSW_1079658_12",648,16,"0",NA,NA,"no","no",50,""
"86","NSW1079658","NSW_1079658","Melaleuca quinquenervia",152.1210819,-32.75007599,"NSW_1079658_S171",12,"p9c3c9590","NSW_1079658_12",648,16,"0",NA,NA,"no","no",50,""
"87","NSW1079670","NSW_1079670","Melaleuca quinquenervia",151.5516915,-33.28465949,"NSW_1079670_S157",12,"p0c317820","NSW_1079670_12",660,15,"0A","50-90",NA,"no","no",50,""
"88","NSW1079671","NSW_1079671","Melaleuca quinquenervia",151.5516779,-33.28463505,"NSW_1079671_S145",12,"p0c317820","NSW_1079671_12",672,16,"0A","50-90",NA,"no","no",75,""
"89","NSW1079672","NSW_1079672","Melaleuca quinquenervia",151.5521833,-33.2845166,"NSW_1079672_S56",12,"p0c317820","NSW_1079672_12",684,9,"0A","1-5",NA,"no","no",85,""
"90","NSW1079675","NSW_1079675","Melaleuca quinquenervia",151.5512911,-33.21130892,"NSW_1079675_1_S166",12,"pd135bc30","NSW_1079675_12",696,10,"0A","10-50",NA,"no","no",40,""
"91","NSW1079675","NSW_1079675","Melaleuca quinquenervia",151.5512911,-33.21130892,"NSW_1079675_S166",12,"pd135bc30","NSW_1079675_12",696,10,"0A","10-50",NA,"no","no",40,""
"92","NSW1079677","NSW_1079677","Melaleuca quinquenervia",151.552218,-33.28459471,"NSW_1079677_S98",12,"p0c317820","NSW_1079677_12",708,13,"0A","1-5",NA,"no","no",45,""
"93","NSW1079680","NSW_1079680","Melaleuca quinquenervia",151.5517433,-33.28603172,"NSW_1079680_S156",12,"p0c317820","NSW_1079680_12",720,12,"0A","10-50",NA,"no","no",45,""
"94","NSW1079681","NSW_1079681","Melaleuca quinquenervia",151.5522239,-33.28357552,"NSW_1079681_S100",12,"p0c317820","NSW_1079681_12",732,20,"0A","1-5",NA,"no","no",60,""
"95","NSW1079682","NSW_1079682","Melaleuca quinquenervia",151.551742,-33.28602382,"NSW_1079682_S99",12,"p0c317820","NSW_1079682_12",744,16,"0A","5-10",NA,"no","no",65,""
"96","NSW1079686","NSW_1079686","Melaleuca quinquenervia",152.452775,-32.40612129,"NSW_1079686_S154",12,"p72bbeb40","NSW_1079686_12",756,10,"0A","10-50",NA,"no","no",55,""
"97","NSW1079687","NSW_1079687","Melaleuca quinquenervia",151.5500155,-33.20875621,"NSW_1079687_S143",12,"pd135bc30","NSW_1079687_12",768,10,"0A","10-50",NA,"yes","no",25,""
"98","NSW1079691","NSW_1079691","Melaleuca quinquenervia",152.4558823,-32.40388962,"NSW_1079691_S109",12,"p72bbeb40","NSW_1079691_12",780,17,"0A","10-50",NA,"no","no",60,""
"99","NSW1079692","NSW_1079692","Melaleuca quinquenervia",152.1225791,-32.75247506,"NSW_1079692_S144",12,"p9c3c9590","NSW_1079692_12",792,16,"0",NA,NA,"no","no",85,""
"100","NSW1079696","NSW_1079696","Melaleuca quinquenervia",152.4517557,-32.40652495,"NSW_1079696_S50",12,"p72bbeb40","NSW_1079696_12",816,7,"0",NA,NA,"no","no",80,"might be planted (in a row in carpark)"
"101","NSW1079697","NSW_1079697","Melaleuca quinquenervia",152.1213281,-32.74757274,"NSW_1079697_S34",12,"p9c3c9590","NSW_1079697_12",828,13,"0A","1-5",NA,"no","yes",35,""
"102","NSW1079701","NSW_1079701","Melaleuca quinquenervia",152.4517494,-32.40648032,"NSW_1079701_S90",12,"p72bbeb40","NSW_1079701_12",840,14,"0A","1-5",NA,"no","no",60,""
"103","NSW1079702","NSW_1079702","Melaleuca quinquenervia",151.5512684,-33.21041547,NA,NA,"d135bc30-11b3-11eb-fb0d-4fec86b22e66",NA,NA,17,"0","5-10",NA,"no","no",90,""
"104","NSW1079702","NSW_1079702","Melaleuca quinquenervia",152.1210819,-32.75007599,"NSW_1079702_1_S170",12,"p9c3c9590","NSW_1079702_12",864,NA,NA,NA,NA,NA,NA,NA,NA
"105","NSW1079702","NSW_1079702","Melaleuca quinquenervia",152.1210819,-32.75007599,"NSW_1079702_S170",12,"p9c3c9590","NSW_1079702_12",864,NA,NA,NA,NA,NA,NA,NA,NA
"106","NSW1079703","NSW_1079703","Melaleuca quinquenervia",152.1212028,-32.74896662,"NSW_1079703_S44",12,"p9c3c9590","NSW_1079703_12",876,9,"0A","10-50",NA,"no","no",70,""
"107","NSW1079705","NSW_1079705","Melaleuca quinquenervia",152.5345676,-32.253502,"NSW_1079705_S148",12,"pbb515550","NSW_1079705_12",888,9,"infected","90+",3,"yes","no",40,"new leaves affected"
"108","NSW1079706","NSW_1079706","Melaleuca quinquenervia",152.5341452,-32.25345377,"NSW_1079706_S46",12,"pbb515550","NSW_1079706_12",912,14,"0A","50-90",NA,"no","no",55,""
"109","NSW1079707","NSW_1079707","Melaleuca quinquenervia",151.5512577,-33.21065443,"NSW_1079707_S160",12,"pd135bc30","NSW_1079707_12",924,11,"0A","10-50",NA,"no","no",45,""
"110","NSW1079708","NSW_1079708","Melaleuca quinquenervia",152.1212337,-32.748032,"NSW_1079708_S33",12,"p9c3c9590","NSW_1079708_12",936,12,"0A","5-10",NA,"no","no",45,""
"111","NSW1079709","NSW_1079709","Melaleuca quinquenervia",152.1211969,-32.74897577,"NSW_1079709_S48",12,"p9c3c9590","NSW_1079709_12",948,6,"0A","5-10",NA,"no","no",50,""
"112","NSW1079710","NSW_1079710","Melaleuca quinquenervia",152.4498453,-32.40498167,"NSW_1079710_S115",12,"p72bbeb40","NSW_1079710_12",960,5,"0A","5-10",NA,"no","no",20,"by lake"
"113","NSW1079711","NSW_1079711","Melaleuca quinquenervia",152.4519771,-32.39118881,"NSW_1079711_S37",12,"p72bbeb40","NSW_1079711_12",972,18,"0A","50-90",NA,"no","no",40,""
"114","NSW1079712","NSW_1079712","Melaleuca quinquenervia",151.5518817,-33.2118398,"NSW_1079712_S165",12,"pd135bc30","NSW_1079712_12",984,14,"0A","5-10",NA,"no","no",45,""
"115","NSW1079712","NSW_1079712","Melaleuca quinquenervia",151.5518817,-33.2118398,"NSW_1079712_1_S165",12,"pd135bc30","NSW_1079712_12",984,14,"0A","5-10",NA,"no","no",45,""
"116","NSW1079713","NSW_1079713","Melaleuca quinquenervia",152.1217409,-32.75081717,"NSW_1079713_S54",12,"p9c3c9590","NSW_1079713_12",996,10,"0A","1-5",NA,"no","no",85,""
"117","NSW1079714","NSW_1079714","Melaleuca quinquenervia",152.2852374,-32.58144257,"NSW_1079714_S89",12,"p72bbeb40","NSW_1079714_12",1008,17,"0",NA,NA,"no","no",70,""
"118","NSW1079715","NSW_1079715","Melaleuca quinquenervia",152.2735029,-32.59141373,"NSW_1079715_S64",12,"p72bbeb40","NSW_1079715_12",1020,16,"0A","1-5",NA,"no","no",40,""
"119","NSW1079716","NSW_1079716","Melaleuca quinquenervia",152.791601,-31.69863613,"NSW_1079716_S105",12,"pa9710de0","NSW_1079716_12",1032,7,"infected","90+",3,"no","no",80,""
"120","NSW1079717","NSW_1079717","Melaleuca quinquenervia",151.5524043,-33.20923622,"NSW_1079717_S101",12,"pd135bc30","NSW_1079717_12",1044,16,"0A","1-5",NA,"no","no",30,""
"121","NSW1079718","NSW_1079718","Melaleuca quinquenervia",152.1217611,-32.75083052,"NSW_1079718_S88",12,"p9c3c9590","NSW_1079718_12",1056,9,"0",NA,NA,"no","no",55,""
"122","NSW1079719","NSW_1079719","Melaleuca quinquenervia",152.2852374,-32.58144257,"NSW_1079719_S107",12,"p72bbeb40","NSW_1079719_12",1068,14,"0",NA,NA,"no","no",85,""
"123","NSW1079720","NSW_1079720","Melaleuca quinquenervia",152.4554997,-32.40380819,"NSW_1079720_S36",12,"p72bbeb40","NSW_1079720_12",1080,12,"0","10-50",NA,"no","no",55,""
"124","NSW1079721","NSW_1079721","Melaleuca quinquenervia",152.7908758,-31.69967177,"NSW_1079721_S26",12,"pa9710de0","NSW_1079721_12",1092,9,"0A","10-50",NA,"no","no",55,""
"125","NSW1079722","NSW_1079722","Melaleuca quinquenervia",152.2852374,-32.58144257,"NSW_1079722_S97",12,"p72bbeb40","NSW_1079722_12",1116,18,"0A","1-5",NA,"no","no",30,""
"126","NSW1079723","NSW_1079723","Melaleuca quinquenervia",152.1239062,-32.75014513,"NSW_1079723_S102",12,"p9c3c9590","NSW_1079723_12",1128,14,"0",NA,NA,"no","no",60,""
"127","NSW1079724","NSW_1079724","Melaleuca quinquenervia",152.2830159,-32.58366008,"NSW_1079724_S103",12,"p72bbeb40","NSW_1079724_12",1140,16,"0A","10-50",NA,"no","no",65,""
"128","NSW1079725","NSW_1079725","Melaleuca quinquenervia",152.4550092,-32.40455938,"NSW_1079725_S116",12,"p72bbeb40","NSW_1079725_12",1152,11,"0A","10-50",NA,"no","no",35,""
"129","NSW1079726","NSW_1079726","Melaleuca quinquenervia",152.7898261,-31.70961823,"NSW_1079726_S150",12,"pa9710de0","NSW_1079726_12",1164,11,"0A","10-50",NA,"yes","no",75,""
"130","NSW1079727","NSW_1079727","Melaleuca quinquenervia",152.2830206,-32.58364896,"NSW_1079727_S51",12,"p72bbeb40","NSW_1079727_12",1176,19,"0A","10-50",NA,"no","no",70,""
"131","NSW1079728","NSW_1079728","Melaleuca quinquenervia",152.1225817,-32.75247562,"NSW_1079728_S117",12,"p9c3c9590","NSW_1079728_12",1188,17,"0",NA,NA,"no","no",55,""
"132","NSW1079729","NSW_1079729","Melaleuca quinquenervia",152.281299,-32.58534845,"NSW_1079729_S53",12,"p72bbeb40","NSW_1079729_12",1200,18,"0A","1-5",NA,"no","no",45,""
"133","NSW1079730","NSW_1079730","Melaleuca quinquenervia",152.4501677,-32.40517351,"NSW_1079730_S35",12,"p72bbeb40","NSW_1079730_12",1212,17,"0A","1-5",NA,"no","no",40,""
"134","NSW1079731","NSW_1079731","Melaleuca quinquenervia",152.791639,-31.71631709,"NSW_1079731_S60",12,"pa9710de0","NSW_1079731_12",1236,15,"0A","50-90",NA,"no","no",60,""
"135","NSW1079732","NSW_1079732","Melaleuca quinquenervia",152.4550025,-32.40455719,"NSW_1079732_S58",12,"p72bbeb40","NSW_1079732_12",1248,22,"0A","10-50",NA,"no","no",45,""
"136","NSW1079733","NSW_1079733","Melaleuca quinquenervia",152.2854511,-32.58106381,"NSW_1079733_S106",12,"p72bbeb40","NSW_1079733_12",1260,21,"0A","10-50",NA,"no","no",55,""
"137","NSW1079734","NSW_1079734","Melaleuca quinquenervia",152.272363,-32.59184361,"NSW_1079734_S41",12,"p72bbeb40","NSW_1079734_12",1272,16,"0A","1-5",NA,"no","no",85,""
"138","NSW1079735","NSW_1079735","Melaleuca quinquenervia",152.7916554,-31.71631504,"NSW_1079735_S61",12,"pa9710de0","NSW_1079735_12",1284,8,"infected","10-50",1,"no","no",55,""
"139","NSW1079736","NSW_1079736","Melaleuca quinquenervia",152.7925521,-31.71824925,"NSW_1079736_S147",12,"pa9710de0","NSW_1079736_12",1296,11,"infected","90+",4,"yes","no",50,"appears susceptible"
"140","NSW1079737","NSW_1079737","Melaleuca quinquenervia",152.2724035,-32.59188917,"NSW_1079737_S65",12,"p72bbeb40","NSW_1079737_12",1308,12,"0A","10-50",NA,"no","no",70,""
"141","NSW1079738","NSW_1079738","Melaleuca quinquenervia",152.7937629,-31.68884571,"NSW_1079738_S149",12,"pa9710de0","NSW_1079738_12",1320,9,"infected","90+",1,"no","no",70,"burnt up to 1m"
"142","NSW1079739","NSW_1079739","Melaleuca quinquenervia",152.7916118,-31.69862089,"NSW_1079739_S27",12,"pa9710de0","NSW_1079739_12",1332,10,"0A","10-50",NA,"no","no",90,"burnt up to 3m"
"143","NSW1079740","NSW_1079740","Melaleuca quinquenervia",152.5377314,-32.24914199,"NSW_1079740_S104",12,"pbb515550","NSW_1079740_12",1344,16,"infected","50-90",1,"no","no",90,"new leaves affected"
"144","NSW1079741","NSW_1079741","Melaleuca quinquenervia",152.9575479,-31.33082294,"NSW_1079741_S59",12,"pe59c2ef0","NSW_1079741_12",1356,16,"infected","50-90",1,"no","no",55,"burnt up to 5m"
"145","NSW1079743","NSW_1079743","Melaleuca quinquenervia",152.7912195,-31.71505587,"NSW_1079743_S167",12,"pa9710de0","NSW_1079743_12",1368,3,"0A","10-50",NA,"yes","no",50,"trunk and branches horizontal"
"146","NSW1079743","NSW_1079743","Melaleuca quinquenervia",152.7912195,-31.71505587,"NSW_1079743_1_S167",12,"pa9710de0","NSW_1079743_12",1368,3,"0A","10-50",NA,"yes","no",50,"trunk and branches horizontal"
"147","NSW1079744","NSW_1079744","Melaleuca quinquenervia",152.5364718,-32.25109305,"NSW_1079744_S45",12,"pbb515550","NSW_1079744_12",1380,10,"0A","1-5",NA,"no","no",90,""
"148","NSW1079745","NSW_1079745","Melaleuca quinquenervia",152.9005251,-31.49982136,"NSW_1079745_S49",12,"pb9a5aec0","NSW_1079745_12",1392,10,"0",NA,NA,"yes","no",65,"burnt up to 6m"
"149","NSW1079746","NSW_1079746","Melaleuca quinquenervia",152.9570097,-31.33168946,"NSW_1079746_S114",12,"pe59c2ef0","NSW_1079746_12",1404,15,"0A","10-50",NA,"yes","no",50,"burnt up to 6m"
"150","NSW1079747","NSW_1079747","Melaleuca quinquenervia",153.03983,-31.0495524,"NSW_1079747_S47",12,"p831064a0","NSW_1079747_12",1416,10,"0A","5-10",NA,"no","no",50,""
"151","NSW1079748","NSW_1079748","Melaleuca quinquenervia",152.5368591,-32.25015074,"NSW_1079748_S30",12,"pbb515550","NSW_1079748_12",1428,11,"0A","1-5",NA,"no","no",55,""
"152","NSW1079750","NSW_1079750","Melaleuca quinquenervia",152.8997563,-31.50047217,"NSW_1079750_S94",12,"pb9a5aec0","NSW_1079750_12",1440,12,"0A","1-5",NA,"yes","yes",55,"burnt up to 7m; major branch dieback due to fire"
"153","NSW1079751","NSW_1079751","Melaleuca quinquenervia",152.9575655,-31.33080433,"NSW_1079751_S140",12,"pe59c2ef0","NSW_1079751_12",1452,10,"infected","5-10",1,"no","no",60,"burnt up to 6m"
"154","NSW1079752","NSW_1079752","Melaleuca quinquenervia",153.0250251,-31.03003889,"NSW_1079752_S38",12,"p831064a0","NSW_1079752_12",1464,12,"infected","90+",1,"no","no",30,""
"155","NSW1079753","NSW_1079753","Melaleuca quinquenervia",152.5368438,-32.25012837,"NSW_1079753_S29",12,"pbb515550","NSW_1079753_12",1476,11,"infected","50-90",2,"yes","no",55,""
"156","NSW1079755","NSW_1079755","Melaleuca quinquenervia",152.8997506,-31.50046378,"NSW_1079755_S92",12,"pb9a5aec0","NSW_1079755_12",1488,12,"0A","50-90",NA,"no","no",50,"burnt up to 8m"
"157","NSW1079756","NSW_1079756","Melaleuca quinquenervia",152.9589881,-31.32818962,"NSW_1079756_S139",12,"pe59c2ef0","NSW_1079756_12",1500,12,"infected","10-50",1,"no","no",75,""
"158","NSW1079758","NSW_1079758","Melaleuca quinquenervia",152.5364798,-32.25109093,"NSW_1079758_S161",12,"pbb515550","NSW_1079758_12",1512,13,"0A","5-10",NA,"no","no",55,""
"159","NSW1079760","NSW_1079760","Melaleuca quinquenervia",152.8986933,-31.50147069,"NSW_1079760_S91",12,"pb9a5aec0","NSW_1079760_12",1524,10,"infected","90+",2,"yes","yes",35,"burnt up to 8m; major branch dieback due to fire"
"160","NSW1079761","NSW_1079761","Melaleuca quinquenervia",152.9590002,-31.32815482,"NSW_1079761_S174",12,"pe59c2ef0","NSW_1079761_12",1536,14,"0A","50-90",NA,"no","no",55,""
"161","NSW1079761","NSW_1079761","Melaleuca quinquenervia",152.9590002,-31.32815482,"NSW_1079761_1_S174",12,"pe59c2ef0","NSW_1079761_12",1536,14,"0A","50-90",NA,"no","no",55,""
"162","NSW1079762","NSW_1079762","Melaleuca quinquenervia",152.9694803,-31.3139559,"NSW_1079762_S63",12,"pe59c2ef0","NSW_1079762_12",1548,16,"0A","10-50",NA,"no","no",80,"burnt up to 4m"
"163","NSW1079763","NSW_1079763","Melaleuca quinquenervia",152.789829,-31.70962811,"NSW_1079763_S172",12,"pa9710de0","NSW_1079763_12",1560,7,"infected","5-10",1,"no","no",40,"burnt up to 3m"
"164","NSW1079763","NSW_1079763","Melaleuca quinquenervia",152.789829,-31.70962811,"NSW_1079763_1_S172",12,"pa9710de0","NSW_1079763_12",1560,7,"infected","5-10",1,"no","no",40,"burnt up to 3m"
"165","NSW1079765","NSW_1079765","Melaleuca quinquenervia",152.9667334,-31.31318018,"NSW_1079765_S62",12,"pe59c2ef0","NSW_1079765_12",1572,9,"0",NA,NA,"yes","no",70,"burnt up to 5m"
"166","NSW1079766","NSW_1079766","Melaleuca quinquenervia",152.9633359,-31.30981403,"NSW_1079766_S110",12,"pe59c2ef0","NSW_1079766_12",1584,6,"infected","10-50",1,"no","no",60,""
"167","NSW1079767","NSW_1079767","Melaleuca quinquenervia",152.9628195,-31.30749914,"NSW_1079767_S108",12,"pe59c2ef0","NSW_1079767_12",1596,13,"0A","1-5",NA,"no","no",85,""
"168","NSW1079768","NSW_1079768","Melaleuca quinquenervia",152.5365557,-32.25129137,"NSW_1079768_S146",12,"pbb515550","NSW_1079768_12",1608,11,"0A","1-5",NA,"yes","no",60,""
"169","NSW1079772","NSW_1079772","Melaleuca quinquenervia",152.8982869,-31.50224463,"NSW_1079772_S151",12,"pb9a5aec0","NSW_1079772_12",1620,10,"infected","50-90",3,"yes","no",55,"burnt up to 7m"
"170","NSW1079773","NSW_1079773","Melaleuca quinquenervia",152.5306496,-32.25249922,"NSW_1079773_S141",12,"pbb515550","NSW_1079773_12",1632,12,"0",NA,NA,"no","no",90,""
"171","NSW1079774","NSW_1079774","Melaleuca quinquenervia",152.9565065,-31.33241514,NA,NA,"e59c2ef0-141c-11eb-a8b6-d340f341f2d0",NA,NA,13,"0A","50-90",NA,"no","no",50,""
"172","NSW1079774","NSW_1079774","Melaleuca quinquenervia",152.9570097,-31.33168946,"NSW_1079774_S113",12,"pe59c2ef0","NSW_1079774_12",1656,NA,NA,NA,NA,NA,NA,NA,NA
"173","NSW1079778","NSW_1079778","Melaleuca quinquenervia",152.5306509,-32.25249091,"NSW_1079778_S28",12,"pbb515550","NSW_1079778_12",1668,9,"0A","10-50",NA,"no","no",50,""
"174","NSW1079779","NSW_1079779","Melaleuca quinquenervia",152.9668781,-31.31946985,"NSW_1079779_1_S173",12,"pe59c2ef0","NSW_1079779_12",1680,10,"infected","50-90",3,"no","no",65,""
"175","NSW1079779","NSW_1079779","Melaleuca quinquenervia",152.9668781,-31.31946985,"NSW_1079779_S173",12,"pe59c2ef0","NSW_1079779_12",1680,10,"infected","50-90",3,"no","no",65,""
"176","NSW1079783","NSW_1079783","Melaleuca quinquenervia",153.0415239,-31.05007697,"NSW_1079783_S55",12,"p831064a0","NSW_1079783_12",1704,10,"infected","10-50",1,"no","no",70,""
"177","NSW1079784","NSW_1079784","Melaleuca quinquenervia",152.9038629,-31.49350321,"NSW_1079784_S96",12,"pb9a5aec0","NSW_1079784_12",1716,12,"0A","1-5",NA,"no","no",60,"burnt up to 2m"
"178","NSW1079788","NSW_1079788","Melaleuca quinquenervia",153.0406556,-31.04981504,"NSW_1079788_S39",12,"p831064a0","NSW_1079788_12",1728,8,"infected","10-50",1,"no","no",65,""
"179","NSW1079789","NSW_1079789","Melaleuca quinquenervia",152.9035492,-31.49418374,"NSW_1079789_S159",12,"pb9a5aec0","NSW_1079789_12",1740,7,"infected","10-50",1,"yes","no",80,""
"180","NSW1079793","NSW_1079793","Melaleuca quinquenervia",153.0393076,-31.0492059,"NSW_1079793_S164",12,"p831064a0","NSW_1079793_12",1752,12,"0A","5-10",NA,"no","no",75,""
"181","NSW1079794","NSW_1079794","Melaleuca quinquenervia",152.9035574,-31.49420354,"NSW_1079794_S93",12,"pb9a5aec0","NSW_1079794_12",1776,6,"infected","90+",1,"no","no",45,""
"182","NSW1079798","NSW_1079798","Melaleuca quinquenervia",153.0380382,-31.04851124,"NSW_1079798_S31",12,"p831064a0","NSW_1079798_12",1788,8,"0A","5-10",NA,"no","no",50,""
"183","NSW1079799","NSW_1079799","Melaleuca quinquenervia",152.9627998,-31.30753143,"NSW_1079799_S40",12,"pe59c2ef0","NSW_1079799_12",1800,9,"0A","5-10",NA,"no","no",50,""
"184","NSW1079803","NSW_1079803","Melaleuca quinquenervia",153.0207133,-31.02313825,"NSW_1079803_S42",12,"p831064a0","NSW_1079803_12",1812,15,"infected","50-90",4,"no","no",55,"burnt up to 9m"
"185","NSW1079804","NSW_1079804","Melaleuca quinquenervia",152.9030448,-31.49540748,"NSW_1079804_S142",12,"pb9a5aec0","NSW_1079804_12",1824,10,"infected","90+",2,"no","no",55,""
"186","NSW1079808","NSW_1079808","Melaleuca quinquenervia",153.0255807,-31.02977903,"NSW_1079808_S163",12,"p831064a0","NSW_1079808_12",1836,11,"infected","50-90",1,"yes","no",40,""
"187","NSW1079809","NSW_1079809","Melaleuca quinquenervia",152.8982914,-31.50223666,"NSW_1079809_S152",12,"pb9a5aec0","NSW_1079809_12",1848,7,"0A","10-50",NA,"yes","no",30,"burnt up to 2m"
"188","NSW1079813","NSW_1079813","Melaleuca quinquenervia",153.0241479,-31.03043342,"NSW_1079813_S111",12,"p831064a0","NSW_1079813_12",1860,10,"0A","50-90",NA,"no","no",55,"burnt up to 3m"
"189","NSW1079814","NSW_1079814","Melaleuca quinquenervia",152.9025959,-31.49585756,"NSW_1079814_S43",12,"pb9a5aec0","NSW_1079814_12",1872,9,"0A","50-90",NA,"yes","no",65,"burnt up to 8m"
"190","NSW1079818","NSW_1079818","Melaleuca quinquenervia",153.0237167,-31.03060077,"NSW_1079818_S112",12,"p831064a0","NSW_1079818_12",1884,9,"0A","90+",NA,"no","no",45,""
"191","NSW1079819","NSW_1079819","Melaleuca quinquenervia",152.9023225,-31.49680026,"NSW_1079819_S95",12,"pb9a5aec0","NSW_1079819_12",1896,12,"0A","5-10",NA,"yes","no",45,"burnt up to 2m"
"192","NSW1079821","NSW_1079821","Melaleuca quinquenervia",152.8002216,-31.68235956,"NSW_1079821_S153",12,"pa9710de0","NSW_1079821_12",1908,13,"0A","10-50",NA,"yes","no",65,"burnt up to 4m"
"193","NSW1079822","NSW_1079822","Melaleuca quinquenervia",152.7971721,-31.68554497,NA,NA,"a9710de0-1342-11eb-dc32-35883b76c0a7",NA,NA,8,"infected","10-50",4,"no","no",55,"burnt up to 2m"
"194","NSW1080758","NSW_1080758","Melaleuca quinquenervia",153.1615232,-30.18909914,"NSW_1080758_S120",12,"pb659e150","NSW_1080758_12",1932,12,"0A","10-50",NA,"yes","no",60,""
"195","NSW1080759","NSW_1080759","Melaleuca quinquenervia",153.1868368,-30.17570688,"NSW_1080759_S69",12,"pb659e150","NSW_1080759_12",1944,12,"0A","50-90",NA,"yes","no",55,""
"196","NSW1080761","NSW_1080761","Melaleuca quinquenervia",153.1615165,-30.18909784,"NSW_1080761_S119",12,"pb659e150","NSW_1080761_12",1956,15,"0A","90+",NA,"yes","no",50,""
"197","NSW1080762","NSW_1080762","Melaleuca quinquenervia",153.1644314,-30.19164058,"NSW_1080762_S23",12,"pb659e150","NSW_1080762_12",1980,7,"0A","50-90",NA,"yes","no",45,""
"198","NSW1080763","NSW_1080763","Melaleuca quinquenervia",153.1961878,-30.03875313,"NSW_1080763_S5",12,"p60668f30","NSW_1080763_12",1992,5,"0A","1-5",NA,"yes","no",65,""
"199","NSW1080764","NSW_1080764","Melaleuca quinquenervia",153.2637667,-29.85198428,"NSW_1080764_S72",12,"p8a9b6b20","NSW_1080764_12",2004,13,"0A","10-50",NA,"yes","no",60,""
"200","NSW1080765","NSW_1080765","Melaleuca quinquenervia",153.1968916,-30.03709778,"NSW_1080765_S7",12,"p60668f30","NSW_1080765_12",2016,5,"0A","10-50",NA,"yes","yes",35,""
"201","NSW1080766","NSW_1080766","Melaleuca quinquenervia",153.2629126,-29.85212664,"NSW_1080766_S81",12,"p8a9b6b20","NSW_1080766_12",2028,9,"0A","10-50",NA,"yes","no",45,""
"202","NSW1080767","NSW_1080767","Melaleuca quinquenervia",153.1614909,-30.18913757,"NSW_1080767_S123",12,"pb659e150","NSW_1080767_12",2040,7,"0A","50-90",NA,"no","no",55,""
"203","NSW1080768","NSW_1080768","Melaleuca quinquenervia",153.1971047,-30.03595822,"NSW_1080768_S12",12,"p60668f30","NSW_1080768_12",2052,5,"0A","10-50",NA,"yes","no",55,""
"204","NSW1080769","NSW_1080769","Melaleuca quinquenervia",153.1972206,-30.03644305,"NSW_1080769_S3",12,"p60668f30","NSW_1080769_12",2064,3,"0A","10-50",NA,"no","no",70,""
"205","NSW1080770","NSW_1080770","Melaleuca quinquenervia",153.1972212,-30.0364465,"NSW_1080770_S13",12,"p60668f30","NSW_1080770_12",2076,5,"0A","10-50",NA,"yes","no",85,""
"206","NSW1080771","NSW_1080771","Melaleuca quinquenervia",153.1965677,-30.03812797,"NSW_1080771_S4",12,"p60668f30","NSW_1080771_12",2088,3,"0A","10-50",NA,"no","no",70,""
"207","NSW1080772","NSW_1080772","Melaleuca quinquenervia",153.1615077,-30.18911622,"NSW_1080772_S124",12,"pb659e150","NSW_1080772_12",2100,11,"0A","50-90",NA,"yes","no",60,""
"208","NSW1080773","NSW_1080773","Melaleuca quinquenervia",153.1975396,-30.03477256,"NSW_1080773_S8",12,"p60668f30","NSW_1080773_12",2112,7,"0A","1-5",NA,"yes","no",80,""
"209","NSW1080774","NSW_1080774","Melaleuca quinquenervia",153.1972502,-30.03558083,"NSW_1080774_S14",12,"p60668f30","NSW_1080774_12",2124,3,"0A","1-5",NA,"no","no",75,""
"210","NSW1080775","NSW_1080775","Melaleuca quinquenervia",153.1976471,-30.03464414,"NSW_1080775_S9",12,"p60668f30","NSW_1080775_12",2136,4,"0A","50-90",NA,"yes","no",60,""
"211","NSW1080776","NSW_1080776","Melaleuca quinquenervia",153.1965746,-30.03812084,"NSW_1080776_S15",12,"p60668f30","NSW_1080776_12",2148,7,"0A","10-50",NA,"yes","no",55,""
"212","NSW1080777","NSW_1080777","Melaleuca quinquenervia",153.2709712,-29.85199418,"NSW_1080777_S133",12,"p8a9b6b20","NSW_1080777_12",2160,9,"0A","10-50",NA,"no","no",85,""
"213","NSW1080778","NSW_1080778","Melaleuca quinquenervia",153.2701393,-29.85293685,"NSW_1080778_S6",12,"p8a9b6b20","NSW_1080778_12",2172,8,"0A","90+",NA,"yes","no",40,""
"214","NSW1080779","NSW_1080779","Melaleuca quinquenervia",153.2701373,-29.85293715,"NSW_1080779_S70",12,"p8a9b6b20","NSW_1080779_12",2184,9,"0A","50-90",NA,"no","no",60,"burnt up to 4m"
"215","NSW1080780","NSW_1080780","Melaleuca quinquenervia",153.1616169,-30.18916854,"NSW_1080780_S121",12,"pb659e150","NSW_1080780_12",2196,17,"0A","50-90",NA,"yes","no",45,""
"216","NSW1080781","NSW_1080781","Melaleuca quinquenervia",153.2619853,-29.85200872,"NSW_1080781_S11",12,"p8a9b6b20","NSW_1080781_12",2208,11,"0A","10-50",NA,"no","no",50,"burnt up to 4m"
"217","NSW1080782","NSW_1080782","Melaleuca quinquenervia",153.262396,-29.8522382,"NSW_1080782_S10",12,"p8a9b6b20","NSW_1080782_12",2220,12,"0A","5-10",NA,"yes","no",50,""
"218","NSW1080784","NSW_1080784","Melaleuca quinquenervia",153.2632438,-29.85248481,"NSW_1080784_S71",12,"p8a9b6b20","NSW_1080784_12",2232,10,"0A","5-10",NA,"yes","no",55,""
"219","NSW1080785","NSW_1080785","Melaleuca quinquenervia",153.1975396,-30.03477256,"NSW_1080785_S80",12,"p60668f30","NSW_1080785_12",2256,NA,NA,NA,NA,NA,NA,NA,NA
"220","NSW1080785","NSW_1080785","Melaleuca quinquenervia",153.2696437,-29.85176757,NA,NA,"8a9b6b20-3ff9-11eb-d73e-3de391e9f866",NA,NA,7,"0A","10-50",NA,"no","no",50,""
"221","NSW1080786","NSW_1080786","Melaleuca quinquenervia",153.26967,-29.85176414,"NSW_1080786_S79",12,"p8a9b6b20","NSW_1080786_12",2268,7,"0A","10-50",NA,"yes","no",65,""
"222","NSW1080787","NSW_1080787","Melaleuca quinquenervia",153.2709461,-29.85197584,"NSW_1080787_S84",12,"p8a9b6b20","NSW_1080787_12",2280,6,"0A","50-90",NA,"yes","no",30,""
"223","NSW1158795","NSW_1158795",NA,NA,NA,"NSW1158795_S118",NA,NA,NA,NA,NA,NA,NA,NA,NA,NA,NA,NA
"224","NSW1158796","NSW_1158796",NA,NA,NA,"NSW1158796_S117",NA,NA,NA,NA,NA,NA,NA,NA,NA,NA,NA,NA
"225","NSW1158797","NSW_1158797",NA,NA,NA,"NSW1158797_S116",NA,NA,NA,NA,NA,NA,NA,NA,NA,NA,NA,NA
"226","NSW1158799","NSW_1158799",NA,NA,NA,"NSW1158799_S114",NA,NA,NA,NA,NA,NA,NA,NA,NA,NA,NA,NA
"227","NSW1158801","NSW_1158801",NA,NA,NA,"NSW1158801_S112",NA,NA,NA,NA,NA,NA,NA,NA,NA,NA,NA,NA
"228","NSW1158802","NSW_1158802",NA,NA,NA,"NSW1158802_S97",NA,NA,NA,NA,NA,NA,NA,NA,NA,NA,NA,NA
"229","NSW1158804","NSW_1158804",NA,NA,NA,"NSW1158804_S107",NA,NA,NA,NA,NA,NA,NA,NA,NA,NA,NA,NA
"230","NSW1158805","NSW_1158805",NA,NA,NA,"NSW1158805_S110",NA,NA,NA,NA,NA,NA,NA,NA,NA,NA,NA,NA
"231","NSW1158806","NSW_1158806",NA,NA,NA,"NSW1158806_S111",NA,NA,NA,NA,NA,NA,NA,NA,NA,NA,NA,NA
"232","NSW1158807","NSW_1158807",NA,NA,NA,"NSW1158807_S104",NA,NA,NA,NA,NA,NA,NA,NA,NA,NA,NA,NA
"233","NSW1158808","NSW_1158808",NA,NA,NA,"NSW1158808_S105",NA,NA,NA,NA,NA,NA,NA,NA,NA,NA,NA,NA
"234","NSW1158809","NSW_1158809",NA,NA,NA,"NSW1158809_S106",NA,NA,NA,NA,NA,NA,NA,NA,NA,NA,NA,NA
"235","NSW1158810","NSW_1158810",NA,NA,NA,"NSW1158810_S109",NA,NA,NA,NA,NA,NA,NA,NA,NA,NA,NA,NA
"236","NSW1158811","NSW_1158811",NA,NA,NA,"NSW1158811_S108",NA,NA,NA,NA,NA,NA,NA,NA,NA,NA,NA,NA
"237","NSW1158812","NSW_1158812",NA,NA,NA,"NSW1158812_S101",NA,NA,NA,NA,NA,NA,NA,NA,NA,NA,NA,NA
"238","NSW1158813","NSW_1158813",NA,NA,NA,"NSW1158813_S102",NA,NA,NA,NA,NA,NA,NA,NA,NA,NA,NA,NA
"239","NSW1158814","NSW_1158814",NA,NA,NA,"NSW1158814_S103",NA,NA,NA,NA,NA,NA,NA,NA,NA,NA,NA,NA
"240","NSW1158816","NSW_1158816",NA,NA,NA,"NSW1158816_S98",NA,NA,NA,NA,NA,NA,NA,NA,NA,NA,NA,NA
"241","NSW1158817","NSW_1158817",NA,NA,NA,"NSW1158817_S99",NA,NA,NA,NA,NA,NA,NA,NA,NA,NA,NA,NA
"242","NSW1158818","NSW_1158818",NA,NA,NA,"NSW1158818_S100",NA,NA,NA,NA,NA,NA,NA,NA,NA,NA,NA,NA
"243","NSW1158826","NSW_1158826",NA,NA,NA,"NSW1158826_S121",NA,NA,NA,NA,NA,NA,NA,NA,NA,NA,NA,NA
"244","NSW1158827","NSW_1158827",NA,NA,NA,"NSW1158827_S126",NA,NA,NA,NA,NA,NA,NA,NA,NA,NA,NA,NA
"245","NSW1158828","NSW_1158828",NA,NA,NA,"NSW1158828_S120",NA,NA,NA,NA,NA,NA,NA,NA,NA,NA,NA,NA
"246","NSW1158829","NSW_1158829",NA,NA,NA,"NSW1158829_S122",NA,NA,NA,NA,NA,NA,NA,NA,NA,NA,NA,NA
"247","NSW1158830","NSW_1158830",NA,NA,NA,"NSW1158830_S124",NA,NA,NA,NA,NA,NA,NA,NA,NA,NA,NA,NA
"248","NSW1158831","NSW_1158831",NA,NA,NA,"NSW1158831_S127",NA,NA,NA,NA,NA,NA,NA,NA,NA,NA,NA,NA
"249","NSW1158832","NSW_1158832",NA,NA,NA,"NSW1158832_S119",NA,NA,NA,NA,NA,NA,NA,NA,NA,NA,NA,NA
"250","NSW1158834","NSW_1158834",NA,NA,NA,"NSW1158834_S123",NA,NA,NA,NA,NA,NA,NA,NA,NA,NA,NA,NA
"251",NA,"NSW_1079822","Melaleuca quinquenervia",152.7971721,-31.68554497,NA,12,"pa9710de0","NSW_1079822_12",1920,NA,NA,NA,NA,NA,NA,NA,NA
